id,name,model_id:id,group_id:id,perm_read,perm_write,perm_create,perm_unlink
access_account_withholding_manager,access_account_withholding_manager,model_account_withholding,account.group_account_manager,1,1,1,1
access_account_withholding_user,access_account_withholding_user,model_account_withholding,account.group_account_user,1,1,1,1
access_account_withholding_invoice,access_account_withholding_invoice,model_account_withholding,account.group_account_invoice,1,1,1,1
access_account_withholding_tax_manager,access_account_withholding_tax_manager,model_account_withholding_tax,account.group_account_manager,1,1,1,1
access_account_withholding_tax_invoice,access_account_withholding_tax_invoice,model_account_withholding_tax,account.group_account_invoice,1,0,0,0
access_account_withholding_tax_user,access_account_withholding_tax_user,model_account_withholding_tax,account.group_account_user,1,0,0,0
